Hoofdtitel (Job);Slug;Hoofdcategorie;Sub-categorie (Label);categoryFilter (subsectie);category (key)
"Overzettreden";"traprenovatie-overzettreden";"Treden & Stootborden";"Overzettrede";"Hout";"basis"
"Overzettreden";"traprenovatie-overzettreden";"Treden & Stootborden";"Stootbord";"Hout";"basis"
"Overzettreden";"traprenovatie-overzettreden";"Veiligheid";"Trapneusprofiel";"Afwerking";"afwerking"
"Overzettreden";"traprenovatie-overzettreden";"Veiligheid";"Antislipstrip";"Beslag";"afwerking"
"Vlizotrap";"vlizotrap";"Constructie & Raveling";"Raveling balkhout";"Hout";"hout"
"Vlizotrap";"vlizotrap";"Vlizotrap & Zolderluik";"Vlizotrap (Complete set)";"Dakraam";"basis"
"Vlizotrap";"vlizotrap";"Vlizotrap & Zolderluik";"Zolderluik";"Dakraam";"basis"
"Vlizotrap";"vlizotrap";"Veiligheid";"Veiligheidshek";"Hout";"veiligheid"
"Vlizotrap";"vlizotrap";"Veiligheid";"Veiligheidspoortje";"Beslag";"veiligheid"
"Vlizotrap";"vlizotrap";"Hekwerk Beslag";"Scharnier";"Beslag";"beslag"
"Vlizotrap";"vlizotrap";"Hekwerk Beslag";"Grendel / Sluiting";"Beslag";"beslag"
"Vlizotrap";"vlizotrap";"Hekwerk Beslag";"Zelfsluitende veer";"Beslag";"beslag"
"Vlizotrap";"vlizotrap";"Hekwerk Beslag";"Handgreep";"Beslag";"beslag"
"Vlizotrap";"vlizotrap";"Afwerking";"Koplatten";"Hout";"afwerking"

"Houtrotreparatie";"houtrotreparatie";"Voorbereiding & Vulling";"Houtrotstop vloeistof";"Verf & Toebehoren";"reparatie"
"Houtrotreparatie";"houtrotreparatie";"Voorbereiding & Vulling";"Houtstabilisator";"Verf & Toebehoren";"reparatie"
"Houtrotreparatie";"houtrotreparatie";"Voorbereiding & Vulling";"Twee-componenten epoxy vuller";"Bouwstoffen";"reparatie"
"Houtrotreparatie";"houtrotreparatie";"Voorbereiding & Vulling";"Vervangend hout inzetstuk";"Tuinhout";"reparatie"
"HSB Voorzetwand";"hsb-voorzetwand";"Framewerk";"Staanders & Liggers";"Balkhout";"hout"
"HSB Voorzetwand";"hsb-voorzetwand";"Framewerk";"Tengelwerk / Rachels";"Balkhout";"hout"
"HSB Voorzetwand";"hsb-voorzetwand";"Isolatie & Folies";"Folies";"Folies";"isolatie"
"HSB Voorzetwand";"hsb-voorzetwand";"Isolatie & Folies";"Isolatiemateriaal";"Isolatie";"isolatie"
"HSB Voorzetwand";"hsb-voorzetwand";"Beplating";"Constructieplaat";"Plaatmateriaal";"beplating"
"HSB Voorzetwand";"hsb-voorzetwand";"Beplating";"Afwerkplaat";"Plaatmateriaal";"beplating"
"HSB Voorzetwand";"hsb-voorzetwand";"Koof";"Regelwerk";"Balkhout";"Koof"
"HSB Voorzetwand";"hsb-voorzetwand";"Koof";"Beplating";"Plaatmateriaal";"Koof"
"HSB Voorzetwand";"hsb-voorzetwand";"Koof";"Isolatie";"Isolatie";"Koof"
"HSB Voorzetwand";"hsb-voorzetwand";"Afwerken";"Dagkanten";"Plaatmateriaal";"afwerking"
"HSB Voorzetwand";"hsb-voorzetwand";"Afwerken";"Vensterbanken";"Vensterbanken";"afwerking"
"HSB Voorzetwand";"hsb-voorzetwand";"Afwerken";"Vloerplinten";"Plinten";"afwerking"
"HSB Voorzetwand";"hsb-voorzetwand";"Afwerken";"Plafondplinten";"Plinten";"afwerking"
"HSB Voorzetwand";"hsb-voorzetwand";"Installatie & Elektra";"Elektra Buizen / Flex";"Elektra";"Installatie"
"HSB Voorzetwand";"hsb-voorzetwand";"Installatie & Elektra";"Hollewanddozen";"Elektra";"Installatie"
"HSB Voorzetwand";"hsb-voorzetwand";"Installatie & Elektra";"Installatiekabel";"Elektra";"Installatie"
"HSB Voorzetwand";"hsb-voorzetwand";"Schakelmateriaal";"Stopcontacten & Schakelaars";"Schakelmateriaal";"Schakelmateriaal"
"HSB Voorzetwand";"hsb-voorzetwand";"Naden & Stucwerk";"Hoekprofielen";"Profielen";"gips_afwerking"
"HSB Voorzetwand";"hsb-voorzetwand";"Naden & Stucwerk";"Voegenmiddel";"Afwerking";"gips_afwerking"
"HSB Voorzetwand";"hsb-voorzetwand";"Naden & Stucwerk";"Finish Pasta";"Afwerking";"gips_afwerking"
"HSB Voorzetwand";"hsb-voorzetwand";"Kozijnen";"Kozijnen";"Kozijnen";"Kozijnen"
"HSB Voorzetwand";"hsb-voorzetwand";"Kozijnen";"Glas & Roosters";"Glas_of_roosters";"Kozijnen"
"HSB Voorzetwand";"hsb-voorzetwand";"Deuren";"Binnendeuren";"Deuren";"Deuren"
"HSB Voorzetwand";"hsb-voorzetwand";"Deuren";"Scharnieren";"Ijzerwaren";"Deuren"
"HSB Voorzetwand";"hsb-voorzetwand";"Deuren";"Sloten";"Ijzerwaren";"Deuren"
"HSB Voorzetwand";"hsb-voorzetwand";"Deuren";"Deurbeslag";"Ijzerwaren";"Deuren"
"HSB Voorzetwand";"hsb-voorzetwand";"Deuren";"Deurroosters";"Ventilatie";"Deuren"
"Metalstud Voorzetwand";"metalstud-voorzetwand";"Metal Stud Framewerk";"Liggers (U-profielen)";"Metalstud";"metaal"
"Metalstud Voorzetwand";"metalstud-voorzetwand";"Metal Stud Framewerk";"Staanders (C-profielen)";"Metalstud";"metaal"
"Metalstud Voorzetwand";"metalstud-voorzetwand";"Metal Stud Framewerk";"Verstevigingsprofielen (UA)";"Metalstud";"metaal"
"Metalstud Voorzetwand";"metalstud-voorzetwand";"Isolatie & Folies";"Folies";"Folies";"isolatie"
"Metalstud Voorzetwand";"metalstud-voorzetwand";"Isolatie & Folies";"Isolatiemateriaal";"Isolatie";"isolatie"
"Metalstud Voorzetwand";"metalstud-voorzetwand";"Beplating";"Constructieplaat";"Plaatmateriaal";"beplating"
"Metalstud Voorzetwand";"metalstud-voorzetwand";"Beplating";"Afwerkplaat";"Plaatmateriaal";"beplating"
"Metalstud Voorzetwand";"metalstud-voorzetwand";"Installatie & Elektra";"Elektra Buizen / Flex";"Elektra";"Installatie"
"Metalstud Voorzetwand";"metalstud-voorzetwand";"Installatie & Elektra";"Hollewanddozen";"Elektra";"Installatie"
"Metalstud Voorzetwand";"metalstud-voorzetwand";"Installatie & Elektra";"Installatiekabel";"Elektra";"Installatie"
"Metalstud Voorzetwand";"metalstud-voorzetwand";"Schakelmateriaal";"Stopcontacten & Schakelaars";"Schakelmateriaal";"Schakelmateriaal"
"Metalstud Voorzetwand";"metalstud-voorzetwand";"Koof";"Regelwerk";"Balkhout";"Koof"
"Metalstud Voorzetwand";"metalstud-voorzetwand";"Koof";"Beplating";"Plaatmateriaal";"Koof"
"Metalstud Voorzetwand";"metalstud-voorzetwand";"Koof";"Isolatie";"Isolatie";"Koof"
"Metalstud Voorzetwand";"metalstud-voorzetwand";"Afwerken";"Dagkanten";"Plaatmateriaal";"afwerking"
"Metalstud Voorzetwand";"metalstud-voorzetwand";"Afwerken";"Vensterbanken";"Vensterbanken";"afwerking"
"Metalstud Voorzetwand";"metalstud-voorzetwand";"Afwerken";"Vloerplinten";"Plinten";"afwerking"
"Metalstud Voorzetwand";"metalstud-voorzetwand";"Afwerken";"Plafondplinten";"Plinten";"afwerking"
"Metalstud Voorzetwand";"metalstud-voorzetwand";"Naden & Stucwerk";"Hoekprofielen";"Profielen";"gips_afwerking"
"Metalstud Voorzetwand";"metalstud-voorzetwand";"Naden & Stucwerk";"Voegenmiddel";"Afwerking";"gips_afwerking"
"Metalstud Voorzetwand";"metalstud-voorzetwand";"Naden & Stucwerk";"Finish Pasta";"Afwerking";"gips_afwerking"
"Metalstud Voorzetwand";"metalstud-voorzetwand";"Kozijnen";"Raamkozijnen";"Kozijnen";"Kozijnen"
"Metalstud Voorzetwand";"metalstud-voorzetwand";"Kozijnen";"Deurkozijnen";"Kozijnen";"Kozijnen"
"Metalstud Voorzetwand";"metalstud-voorzetwand";"Kozijnen";"Glas & Roosters";"Glas_of_roosters";"Kozijnen"
"Metalstud Voorzetwand";"metalstud-voorzetwand";"Deuren";"Binnendeuren";"Deuren";"Deuren"
"Metalstud Voorzetwand";"metalstud-voorzetwand";"Deuren";"Scharnieren";"Ijzerwaren";"Deuren"
"Metalstud Voorzetwand";"metalstud-voorzetwand";"Deuren";"Sloten";"Ijzerwaren";"Deuren"
"Metalstud Voorzetwand";"metalstud-voorzetwand";"Deuren";"Deurbeslag";"Ijzerwaren";"Deuren"
"Metalstud Voorzetwand";"metalstud-voorzetwand";"Deuren";"Deurroosters";"Ventilatie";"Deuren"
"HSB Buiten Wand";"HBS-buiten-wand";"Constructie & Regelwerk";"Staanders & Liggers";"Balkhout";"hout"
"HSB Buiten Wand";"HBS-buiten-wand";"Constructie & Regelwerk";"Regelwerk (Leidingspouw)";"Balkhout";"hout"
"HSB Buiten Wand";"HBS-buiten-wand";"Constructie & Regelwerk";"Ventilatielatten";"Balkhout";"hout"
"HSB Buiten Wand";"HBS-buiten-wand";"Isolatie, Folies & Spouw";"Folie Buiten";"Folies";"isolatie"
"HSB Buiten Wand";"HBS-buiten-wand";"Isolatie, Folies & Spouw";"Folie Binnen";"Folies";"isolatie"
"HSB Buiten Wand";"HBS-buiten-wand";"Isolatie, Folies & Spouw";"Isolatiemateriaal (Constructie)";"Isolatie";"isolatie"
"HSB Buiten Wand";"HBS-buiten-wand";"Isolatie, Folies & Spouw";"Isolatiemateriaal (Leidingspouw)";"Isolatie";"isolatie"
"HSB Buiten Wand";"HBS-buiten-wand";"Beplating & Gevelbekleding";"Gevelbekleding";"Gevelbekleding";"beplating"
"HSB Buiten Wand";"HBS-buiten-wand";"Beplating & Gevelbekleding";"Constructieplaat (Buiten)";"Plaatmateriaal";"beplating"
"HSB Buiten Wand";"HBS-buiten-wand";"Beplating & Gevelbekleding";"Constructieplaat (Binnen)";"Plaatmateriaal";"beplating"
"HSB Buiten Wand";"HBS-buiten-wand";"Beplating & Gevelbekleding";"Afwerkplaat";"Plaatmateriaal";"beplating"
"HSB Buiten Wand";"HBS-buiten-wand";"Binnenafwerking";"Dagkanten (Binnen)";"Plaatmateriaal";"afwerking_binnen"
"HSB Buiten Wand";"HBS-buiten-wand";"Binnenafwerking";"Vensterbanken";"Vensterbanken";"afwerking_binnen"
"HSB Buiten Wand";"HBS-buiten-wand";"Binnenafwerking";"Vloerplinten";"Plinten";"afwerking_binnen"
"HSB Buiten Wand";"HBS-buiten-wand";"Buitenafwerking";"Waterslagen";"Profielen";"afwerking_buiten"
"HSB Buiten Wand";"HBS-buiten-wand";"Buitenafwerking";"Dagkanten (Buiten)";"Gevelbekleding";"afwerking_buiten"
"HSB Buiten Wand";"HBS-buiten-wand";"Buitenafwerking";"Gevelhoeken";"Tuinhout";"afwerking_buiten"
"HSB Buiten Wand";"HBS-buiten-wand";"Stucwerk";"Hoekprofielen";"Profielen";"gips_afwerking"
"HSB Buiten Wand";"HBS-buiten-wand";"Stucwerk";"Voegenmiddel";"Afwerking";"gips_afwerking"
"HSB Buiten Wand";"HBS-buiten-wand";"Stucwerk";"Finish Pasta";"Afwerking";"gips_afwerking"
"HSB Buiten Wand";"HBS-buiten-wand";"Kozijnen & Ramen";"Stelkozijnen";"Plaatmateriaal";"Kozijnen"
"HSB Buiten Wand";"HBS-buiten-wand";"Kozijnen & Ramen";"Raamkozijnen";"Kozijnen";"Kozijnen"
"HSB Buiten Wand";"HBS-buiten-wand";"Kozijnen & Ramen";"Deurkozijnen";"Kozijnen";"Kozijnen"
"HSB Buiten Wand";"HBS-buiten-wand";"Kozijnen & Ramen";"Glas & Roosters";"Glas_of_roosters";"Kozijnen"
"HSB Buiten Wand";"HBS-buiten-wand";"Buitendeuren & Hang- en Sluitwerk";"Buitendeuren";"Deuren";"Deuren"
"HSB Buiten Wand";"HBS-buiten-wand";"Buitendeuren & Hang- en Sluitwerk";"Scharnieren";"Ijzerwaren";"Deuren"
"HSB Buiten Wand";"HBS-buiten-wand";"Buitendeuren & Hang- en Sluitwerk";"Sloten";"Ijzerwaren";"Deuren"
"HSB Buiten Wand";"HBS-buiten-wand";"Buitendeuren & Hang- en Sluitwerk";"Deurbeslag";"Ijzerwaren";"Deuren"
"HSB Tussenwand";"hsb-tussenwand";"Framewerk";"Staanders & Liggers";"Balkhout";"hout"
"HSB Tussenwand";"hsb-tussenwand";"Isolatie & Folies";"Isolatiemateriaal";"Isolatie";"isolatie"
"HSB Tussenwand";"hsb-tussenwand";"Isolatie & Folies";"Folies";"Folies";"isolatie"
"HSB Tussenwand";"hsb-tussenwand";"Beplating";"Constructieplaat (Zijde 1)";"Plaatmateriaal";"beplating"
"HSB Tussenwand";"hsb-tussenwand";"Beplating";"Constructieplaat (Zijde 2)";"Plaatmateriaal";"beplating"
"HSB Tussenwand";"hsb-tussenwand";"Beplating";"Afwerkplaat (Zijde 1)";"Plaatmateriaal";"beplating"
"HSB Tussenwand";"hsb-tussenwand";"Beplating";"Afwerkplaat (Zijde 2)";"Plaatmateriaal";"beplating"
"HSB Tussenwand";"hsb-tussenwand";"Afwerken";"Dagkanten";"Plaatmateriaal";"afwerking"
"HSB Tussenwand";"hsb-tussenwand";"Afwerken";"Vensterbanken";"Vensterbanken";"afwerking"
"HSB Tussenwand";"hsb-tussenwand";"Afwerken";"Vloerplinten";"Plinten";"afwerking"
"HSB Tussenwand";"hsb-tussenwand";"Afwerken";"Plafondplinten";"Plinten";"afwerking"
"HSB Tussenwand";"hsb-tussenwand";"Koof";"Regelwerk";"Balkhout";"Koof"
"HSB Tussenwand";"hsb-tussenwand";"Koof";"Beplating";"Plaatmateriaal";"Koof"
"HSB Tussenwand";"hsb-tussenwand";"Koof";"Isolatie";"Isolatie";"Koof"
"HSB Tussenwand";"hsb-tussenwand";"Installatie & Elektra";"Elektra Buizen / Flex";"Elektra";"Installatie"
"HSB Tussenwand";"hsb-tussenwand";"Installatie & Elektra";"Hollewanddozen";"Elektra";"Installatie"
"HSB Tussenwand";"hsb-tussenwand";"Installatie & Elektra";"Installatiekabel";"Elektra";"Installatie"
"HSB Tussenwand";"hsb-tussenwand";"Schakelmateriaal";"Stopcontacten & Schakelaars";"Schakelmateriaal";"Schakelmateriaal"
"HSB Tussenwand";"hsb-tussenwand";"Naden & Stucwerk";"Hoekprofielen";"Profielen";"gips_afwerking"
"HSB Tussenwand";"hsb-tussenwand";"Naden & Stucwerk";"Voegenmiddel";"Afwerking";"gips_afwerking"
"HSB Tussenwand";"hsb-tussenwand";"Naden & Stucwerk";"Finish Pasta";"Afwerking";"gips_afwerking"
"HSB Tussenwand";"hsb-tussenwand";"Kozijnen";"Kozijnen";"Kozijnen";"Kozijnen"
"HSB Tussenwand";"hsb-tussenwand";"Kozijnen";"Glas & Roosters";"Glas_of_roosters";"Kozijnen"
"HSB Tussenwand";"hsb-tussenwand";"Deuren";"Binnendeuren";"Deuren";"Deuren"
"HSB Tussenwand";"hsb-tussenwand";"Deuren";"Scharnieren";"Ijzerwaren";"Deuren"
"HSB Tussenwand";"hsb-tussenwand";"Deuren";"Sloten";"Ijzerwaren";"Deuren"
"HSB Tussenwand";"hsb-tussenwand";"Deuren";"Deurbeslag";"Ijzerwaren";"Deuren"
"HSB Tussenwand";"hsb-tussenwand";"Deuren";"Deurroosters";"Ventilatie";"Deuren"
"Metalstud Tussenwand";"metalstud-tussenwand";"metaal";"Liggers (U-profielen)";"Metalstud";"metaal"
"Metalstud Tussenwand";"metalstud-tussenwand";"metaal";"Staanders (C-profielen)";"Metalstud";"metaal"
"Metalstud Tussenwand";"metalstud-tussenwand";"metaal";"Verstevigingsprofielen (UA)";"Metalstud";"metaal"
"Metalstud Tussenwand";"metalstud-tussenwand";"Isolatie & Folies";"Folies";"Folies";"isolatie"
"Metalstud Tussenwand";"metalstud-tussenwand";"Isolatie & Folies";"Isolatiemateriaal";"Isolatie";"isolatie"
"Metalstud Tussenwand";"metalstud-tussenwand";"Beplating";"Constructieplaat (Zijde 1)";"Plaatmateriaal";"beplating"
"Metalstud Tussenwand";"metalstud-tussenwand";"Beplating";"Constructieplaat (Zijde 2)";"Plaatmateriaal";"beplating"
"Metalstud Tussenwand";"metalstud-tussenwand";"Beplating";"Afwerkplaat (Zijde 1)";"Plaatmateriaal";"beplating"
"Metalstud Tussenwand";"metalstud-tussenwand";"Beplating";"Afwerkplaat (Zijde 2)";"Plaatmateriaal";"beplating"
"Metalstud Tussenwand";"metalstud-tussenwand";"Afwerken";"Dagkanten";"Plaatmateriaal";"afwerking"
"Metalstud Tussenwand";"metalstud-tussenwand";"Afwerken";"Vensterbanken";"Vensterbanken";"afwerking"
"Metalstud Tussenwand";"metalstud-tussenwand";"Afwerken";"Vloerplinten";"Plinten";"afwerking"
"Metalstud Tussenwand";"metalstud-tussenwand";"Afwerken";"Plafondplinten";"Plinten";"afwerking"
"Metalstud Tussenwand";"metalstud-tussenwand";"Koof";"Regelwerk";"Balkhout";"Koof"
"Metalstud Tussenwand";"metalstud-tussenwand";"Koof";"Beplating";"Plaatmateriaal";"Koof"
"Metalstud Tussenwand";"metalstud-tussenwand";"Koof";"Isolatie";"Isolatie";"Koof"
"Metalstud Tussenwand";"metalstud-tussenwand";"Installatie & Elektra";"Elektra Buizen / Flex";"Elektra";"Installatie"
"Metalstud Tussenwand";"metalstud-tussenwand";"Installatie & Elektra";"Hollewanddozen";"Elektra";"Installatie"
"Metalstud Tussenwand";"metalstud-tussenwand";"Installatie & Elektra";"Installatiekabel";"Elektra";"Installatie"
"Metalstud Tussenwand";"metalstud-tussenwand";"Schakelmateriaal";"Stopcontacten & Schakelaars";"Schakelmateriaal";"Schakelmateriaal"
"Metalstud Tussenwand";"metalstud-tussenwand";"Naden & Stucwerk";"Hoekprofielen";"Profielen";"gips_afwerking"
"Metalstud Tussenwand";"metalstud-tussenwand";"Naden & Stucwerk";"Voegenmiddel";"Afwerking";"gips_afwerking"
"Metalstud Tussenwand";"metalstud-tussenwand";"Naden & Stucwerk";"Finish Pasta";"Afwerking";"gips_afwerking"
"Metalstud Tussenwand";"metalstud-tussenwand";"Kozijnen";"Raamkozijnen";"Kozijnen";"Kozijnen"
"Metalstud Tussenwand";"metalstud-tussenwand";"Kozijnen";"Glas & Roosters";"Glas_of_roosters";"Kozijnen"
"Metalstud Tussenwand";"metalstud-tussenwand";"Deuren";"Binnendeuren";"Deuren";"Deuren"
"Metalstud Tussenwand";"metalstud-tussenwand";"Deuren";"Scharnieren";"Ijzerwaren";"Deuren"
"Metalstud Tussenwand";"metalstud-tussenwand";"Deuren";"Sloten";"Ijzerwaren";"Deuren"
"Metalstud Tussenwand";"metalstud-tussenwand";"Deuren";"Deurbeslag";"Ijzerwaren";"Deuren"
"Metalstud Tussenwand";"metalstud-tussenwand";"Deuren";"Deurroosters";"Ventilatie";"Deuren"
"Knieschotten";"knieschotten";"Framewerk";"Staanders & Liggers";"Balkhout";"hout"
"Knieschotten";"knieschotten";"Isolatie & Folies";"Folies";"Folies";"isolatie"
"Knieschotten";"knieschotten";"Isolatie & Folies";"Isolatiemateriaal";"Isolatie";"isolatie"
"Knieschotten";"knieschotten";"Beplating";"Constructieplaat";"Plaatmateriaal";"beplating"
"Knieschotten";"knieschotten";"Beplating";"Afwerkplaat";"Plaatmateriaal";"beplating"
"Knieschotten";"knieschotten";"Afwerken";"Vloerplinten";"Plinten";"afwerking"
"Knieschotten";"knieschotten";"Afwerken";"Plafondplinten";"Plinten";"afwerking"
"Knieschotten";"knieschotten";"Koof";"Regelwerk";"Balkhout";"Koof"
"Knieschotten";"knieschotten";"Koof";"Beplating";"Plaatmateriaal";"Koof"
"Knieschotten";"knieschotten";"Koof";"Isolatie";"Isolatie";"Koof"
"Knieschotten";"knieschotten";"Installatie & Elektra";"Elektra Buizen / Flex";"Elektra";"Installatie"
"Knieschotten";"knieschotten";"Installatie & Elektra";"Hollewanddozen";"Elektra";"Installatie"
"Knieschotten";"knieschotten";"Installatie & Elektra";"Installatiekabel";"Elektra";"Installatie"
"Knieschotten";"knieschotten";"Schakelmateriaal";"Stopcontacten & Schakelaars";"Schakelmateriaal";"Schakelmateriaal"
"Knieschotten";"knieschotten";"Naden & Stucwerk";"Hoekprofielen";"Profielen";"gips_afwerking"
"Knieschotten";"knieschotten";"Naden & Stucwerk";"Voegenmiddel";"Afwerking";"gips_afwerking"
"Knieschotten";"knieschotten";"Naden & Stucwerk";"Finish Pasta";"Afwerking";"gips_afwerking"
"Knieschotten";"knieschotten";"Schuifdeuren";"Schuifdeurrails";"Ijzerwaren";"Schuifdeuren"
"Knieschotten";"knieschotten";"Schuifdeuren";"Schuifdeurpanelen";"Plaatmateriaal";"Schuifdeuren"
"Knieschotten";"knieschotten";"Schuifdeuren";"Komgrepen";"Ijzerwaren";"Schuifdeuren"
"Cinewall / TV-wand";"cinewall-tv-wand";"Framewerk";"Staanders & Liggers";"Balkhout";"hout"
"Cinewall / TV-wand";"cinewall-tv-wand";"Framewerk";"Regelwerk (Nissen & Details)";"Balkhout";"hout"
"Cinewall / TV-wand";"cinewall-tv-wand";"Framewerk";"Achterhout (TV-ophanging)";"Balkhout";"hout"
"Cinewall / TV-wand";"cinewall-tv-wand";"Installatie & Elektra";"Elektra Buizen / Flex";"Elektra";"Installatie"
"Cinewall / TV-wand";"cinewall-tv-wand";"Installatie & Elektra";"Hollewanddozen";"Elektra";"Installatie"
"Cinewall / TV-wand";"cinewall-tv-wand";"Installatie & Elektra";"Installatiekabel";"Elektra";"Installatie"
"Cinewall / TV-wand";"cinewall-tv-wand";"Schakelmateriaal";"Stopcontacten & Schakelaars";"Schakelmateriaal";"Schakelmateriaal"
"Cinewall / TV-wand";"cinewall-tv-wand";"Isolatie & Folies";"Folies";"Folies";"isolatie"
"Cinewall / TV-wand";"cinewall-tv-wand";"Isolatie & Folies";"Isolatiemateriaal";"Isolatie";"isolatie"
"Cinewall / TV-wand";"cinewall-tv-wand";"Koof";"Regelwerk";"Balkhout";"Koof"
"Cinewall / TV-wand";"cinewall-tv-wand";"Koof";"Beplating";"Plaatmateriaal";"Koof"
"Cinewall / TV-wand";"cinewall-tv-wand";"Koof";"Isolatie";"Isolatie";"Koof"
"Cinewall / TV-wand";"cinewall-tv-wand";"Beplating";"Constructieplaat";"Plaatmateriaal";"beplating"
"Cinewall / TV-wand";"cinewall-tv-wand";"Beplating";"Afwerkplaat";"Plaatmateriaal";"beplating"
"Cinewall / TV-wand";"cinewall-tv-wand";"Beplating";"Akoestische Panelen";"Wandbekleding";"beplating"
"Cinewall / TV-wand";"cinewall-tv-wand";"Afwerken";"Dagkanten";"Plaatmateriaal";"afwerking"
"Cinewall / TV-wand";"cinewall-tv-wand";"Afwerken";"Vloerplinten";"Plinten";"afwerking"
"Cinewall / TV-wand";"cinewall-tv-wand";"Afwerken";"Plafondplinten";"Plinten";"afwerking"
"Cinewall / TV-wand";"cinewall-tv-wand";"Naden & Stucwerk";"Hoekprofielen";"Profielen";"gips_afwerking"
"Cinewall / TV-wand";"cinewall-tv-wand";"Naden & Stucwerk";"Voegenmiddel";"Afwerking";"gips_afwerking"
"Cinewall / TV-wand";"cinewall-tv-wand";"Naden & Stucwerk";"Finish Pasta";"Afwerking";"gips_afwerking"
"Cinewall / TV-wand";"cinewall-tv-wand";"Cinewall Elementen";"Inbouw Sfeerhaard";"Haarden";"Cinewall"
"Cinewall / TV-wand";"cinewall-tv-wand";"Cinewall Elementen";"TV-Beugel";"Beugels";"Cinewall"
"Cinewall / TV-wand";"cinewall-tv-wand";"Cinewall Elementen";"LED-Verlichting";"Verlichting";"Cinewall"
"Plafond – Houten Framewerk";"plafond-houten-framework";"Framewerk";"Randhout";"Balkhout";"hout"
"Plafond – Houten Framewerk";"plafond-houten-framework";"Framewerk";"Stelhout";"Balkhout";"hout"
"Plafond – Houten Framewerk";"plafond-houten-framework";"Framewerk";"Rachelwerk";"Balkhout";"hout"
"Plafond – Houten Framewerk";"plafond-houten-framework";"Koof";"Regelwerk";"Balkhout";"Koof"
"Plafond – Houten Framewerk";"plafond-houten-framework";"Koof";"Beplating";"Plaatmateriaal";"Koof"
"Plafond – Houten Framewerk";"plafond-houten-framework";"Koof";"Isolatie";"Isolatie";"Koof"
"Plafond – Houten Framewerk";"plafond-houten-framework";"Koof";"Regelwerk";"Balkhout";"Koof"
"Plafond – Houten Framewerk";"plafond-houten-framework";"Koof";"Beplating";"Plaatmateriaal";"Koof"
"Plafond – Houten Framewerk";"plafond-houten-framework";"Koof";"Achterhout";"Balkhout";"Koof"
"Plafond – Houten Framewerk";"plafond-houten-framework";"Installatie & Elektra";"Elektra Buizen / Flex";"Elektra";"Installatie"
"Plafond – Houten Framewerk";"plafond-houten-framework";"Installatie & Elektra";"Centraaldozen";"Elektra";"Installatie"
"Plafond – Houten Framewerk";"plafond-houten-framework";"Installatie & Elektra";"Installatiekabel";"Elektra";"Installatie"
"Plafond – Houten Framewerk";"plafond-houten-framework";"Schakelmateriaal";"Inbouwspots";"Verlichting";"Schakelmateriaal"
"Plafond – Houten Framewerk";"plafond-houten-framework";"Schakelmateriaal";"Schakelaar / Dimmer";"Schakelmateriaal";"Schakelmateriaal"
"Plafond – Houten Framewerk";"plafond-houten-framework";"Isolatie & Folies";"Folies";"Folies";"isolatie"
"Plafond – Houten Framewerk";"plafond-houten-framework";"Isolatie & Folies";"Isolatiemateriaal";"Isolatie";"isolatie"
"Plafond – Houten Framewerk";"plafond-houten-framework";"Beplating";"Constructieplaat";"Plaatmateriaal";"beplating"
"Plafond – Houten Framewerk";"plafond-houten-framework";"Beplating";"Afwerkplaat";"Plaatmateriaal";"beplating"
"Plafond – Houten Framewerk";"plafond-houten-framework";"Afwerken";"Plafondplinten";"Lijstwerk";"afwerking"
"Plafond – Houten Framewerk";"plafond-houten-framework";"Toegang & Vlizotrap";"Luik / Vlizotrap";"Luiken";"Toegang"
"Plafond – Houten Framewerk";"plafond-houten-framework";"Toegang & Vlizotrap";"Koplatten";"Lijstwerk";"Toegang"
"Plafond – Houten Framewerk";"plafond-houten-framework";"Naden & Stucwerk";"Voegenmiddel";"Afwerking";"gips_afwerking"
"Plafond – Houten Framewerk";"plafond-houten-framework";"Naden & Stucwerk";"Finish Pasta";"Afwerking";"gips_afwerking"
"Plafond – Metalstud C/U";"plafond-metalstud";"Metal Stud Framewerk";"Randprofielen";"Metalstud";"metaal"
"Plafond – Metalstud C/U";"plafond-metalstud";"Metal Stud Framewerk";"Draagprofielen";"Metalstud";"metaal"
"Plafond – Metalstud C/U";"plafond-metalstud";"Koof";"Regelwerk";"Balkhout";"Koof"
"Plafond – Metalstud C/U";"plafond-metalstud";"Koof";"Beplating";"Plaatmateriaal";"Koof"
"Plafond – Metalstud C/U";"plafond-metalstud";"Koof";"Isolatie";"Isolatie";"Koof"
"Plafond – Metalstud C/U";"plafond-metalstud";"Koof";"Regelwerk";"Balkhout";"Koof"
"Plafond – Metalstud C/U";"plafond-metalstud";"Koof";"Beplating";"Plaatmateriaal";"Koof"
"Plafond – Metalstud C/U";"plafond-metalstud";"Koof";"Achterhout";"Balkhout";"Koof"
"Plafond – Metalstud C/U";"plafond-metalstud";"Installatie & Elektra";"Elektra Buizen / Flex";"Elektra";"Installatie"
"Plafond – Metalstud C/U";"plafond-metalstud";"Installatie & Elektra";"Centraaldozen";"Elektra";"Installatie"
"Plafond – Metalstud C/U";"plafond-metalstud";"Installatie & Elektra";"Installatiekabel";"Elektra";"Installatie"
"Plafond – Metalstud C/U";"plafond-metalstud";"Schakelmateriaal";"Inbouwspots";"Verlichting";"Schakelmateriaal"
"Plafond – Metalstud C/U";"plafond-metalstud";"Schakelmateriaal";"Schakelaar / Dimmer";"Schakelmateriaal";"Schakelmateriaal"
"Plafond – Metalstud C/U";"plafond-metalstud";"Isolatie & Folies";"Folies";"Folies";"isolatie"
"Plafond – Metalstud C/U";"plafond-metalstud";"Isolatie & Folies";"Isolatiemateriaal";"Isolatie";"isolatie"
"Plafond – Metalstud C/U";"plafond-metalstud";"Beplating";"Constructieplaat";"Plaatmateriaal";"beplating"
"Plafond – Metalstud C/U";"plafond-metalstud";"Beplating";"Afwerkplaat";"Plaatmateriaal";"beplating"
"Plafond – Metalstud C/U";"plafond-metalstud";"Afwerken";"Plafondplinten";"Lijstwerk";"afwerking"
"Plafond – Metalstud C/U";"plafond-metalstud";"Toegang & Vlizotrap";"Luik / Vlizotrap";"Luiken";"Toegang"
"Plafond – Metalstud C/U";"plafond-metalstud";"Toegang & Vlizotrap";"Koplatten";"Lijstwerk";"Toegang"
"Plafond – Metalstud C/U";"plafond-metalstud";"Naden & Stucwerk";"Voegenmiddel";"Afwerking";"gips_afwerking"
"Plafond – Metalstud C/U";"plafond-metalstud";"Naden & Stucwerk";"Finish Pasta";"Afwerking";"gips_afwerking"
"Massief Houten Vloer (finish)";"massief-houten-vloer";"Vloer_Voorbereiding";"Primer";"Lijmen";"Vloer_Voorbereiding"
"Massief Houten Vloer (finish)";"massief-houten-vloer";"Vloer_Voorbereiding";"Ondervloer";"Plaatmateriaal";"Vloer_Voorbereiding"
"Massief Houten Vloer (finish)";"massief-houten-vloer";"Vloer_Voorbereiding";"Egaline";"Mortels";"Vloer_Voorbereiding"
"Massief Houten Vloer (finish)";"massief-houten-vloer";"Vloer_Hout";"Houten vloerplanken";"Vloerdelen";"Vloer_Hout"
"Massief Houten Vloer (finish)";"massief-houten-vloer";"Vloer_Hout";"Parketlijm";"Lijmen";"Vloer_Hout"
"Massief Houten Vloer (finish)";"massief-houten-vloer";"Vloer_Afwerking";"Plinten";"Plinten";"Vloer_Afwerking"
"Massief Houten Vloer (finish)";"massief-houten-vloer";"Vloer_Afwerking";"Deklatten";"Afwerking";"Vloer_Afwerking"
"Massief Houten Vloer (finish)";"massief-houten-vloer";"Vloer_Afwerking";"Overgangsprofielen / Dorpels";"Profielen";"Vloer_Afwerking"
"Massief Houten Vloer (finish)";"massief-houten-vloer";"Vloer_Afwerking";"Vloerolie";"Verf";"Vloer_Afwerking"
"Laminaat / PVC / Klik-Vinyl";"laminaat-pvc";"Vloer_Voorbereiding";"Egaline";"Vloer";"Vloer_Voorbereiding"
"Laminaat / PVC / Klik-Vinyl";"laminaat-pvc";"Vloer_Voorbereiding";"Reparatiemortel";"Vloer";"Vloer_Voorbereiding"
"Laminaat / PVC / Klik-Vinyl";"laminaat-pvc";"Vloer_Voorbereiding";"Dampremmende Folie";"Folies";"Vloer_Voorbereiding"
"Laminaat / PVC / Klik-Vinyl";"laminaat-pvc";"Vloer_Voorbereiding";"Ondervloer";"Ondervloer";"Vloer_Voorbereiding"
"Laminaat / PVC / Klik-Vinyl";"laminaat-pvc";"Vloer_Laminaat";"Laminaat / PVC Panelen";"Vloer";"Vloer_Laminaat"
"Laminaat / PVC / Klik-Vinyl";"laminaat-pvc";"Vloer_Afwerking";"Vloerplinten";"Plinten";"Vloer_Afwerking"
"Laminaat / PVC / Klik-Vinyl";"laminaat-pvc";"Vloer_Afwerking";"Overgangsprofielen / Drempels";"Profielen";"Vloer_Afwerking"
"Laminaat / PVC / Klik-Vinyl";"laminaat-pvc";"Vloer_Afwerking";"Eindprofielen";"Profielen";"Vloer_Afwerking"
"Laminaat / PVC / Klik-Vinyl";"laminaat-pvc";"Vloer_Afwerking";"Kruipluik Profiel / Matomranding";"Profielen";"Vloer_Afwerking"
"Vlonder / Terrasconstructie";"vlonder-terras";"Grondwerk & Fundering";"Worteldoek";"Folies";"Vlonder_Fundering"
"Vlonder / Terrasconstructie";"vlonder-terras";"Grondwerk & Fundering";"Ophoogzand / Stabilisatie";"Zand";"Vlonder_Fundering"
"Vlonder / Terrasconstructie";"vlonder-terras";"Grondwerk & Fundering";"Piketten / Palen";"Tuinhout";"Vlonder_Fundering"
"Vlonder / Terrasconstructie";"vlonder-terras";"Grondwerk & Fundering";"Tegels / Stelpoten";"Tegels";"Vlonder_Fundering"
"Vlonder / Terrasconstructie";"vlonder-terras";"Constructie (Onderbouw)";"Moerbalken";"Tuinhout";"Vlonder_Constructie"
"Vlonder / Terrasconstructie";"vlonder-terras";"Constructie (Onderbouw)";"Onderregels";"Tuinhout";"Vlonder_Constructie"
"Vlonder / Terrasconstructie";"vlonder-terras";"Vlonder & Afwerking";"Vlonderplanken";"Tuinhout";"Vlonder_Dek"
"Vlonder / Terrasconstructie";"vlonder-terras";"Vlonder & Afwerking";"Vlonderschroeven / Clips";"Bevestiging";"Vlonder_Dek"
"Vlonder / Terrasconstructie";"vlonder-terras";"Vlonder & Afwerking";"Kantplanken";"Tuinhout";"Vlonder_Dek"
"Vlonder / Terrasconstructie";"vlonder-terras";"Vlonder & Afwerking";"Drainagegoot";"Riolering";"Vlonder_Dek"

"Constructievloer hout";"vliering-maken";"Constructie & Vloer (Bovenzijde)";"Randbalken";"Balkhout";"Constructievloer"
"Constructievloer hout";"vliering-maken";"Constructie & Vloer (Bovenzijde)";"Vloerbalken";"Balkhout";"Constructievloer"
"Constructievloer hout";"vliering-maken";"Constructie & Vloer (Bovenzijde)";"Balkdragers";"Bevestiging";"Constructievloer"
"Constructievloer hout";"vliering-maken";"Beplating (Constructie)";"Constructieplaat";"Plaatmateriaal";"beplating"
"Constructievloer hout";"vliering-maken";"Toegang & Vlizotrap";"Luik / Vlizotrap";"Luiken";"Toegang"
"Constructievloer hout";"vliering-maken";"Toegang & Vlizotrap";"Koplatten";"Lijstwerk";"Toegang"
"Constructievloer hout";"vliering-maken";"Plafond Framewerk (Hout)";"Randhout";"Balkhout";"hout"
"Constructievloer hout";"vliering-maken";"Plafond Framewerk (Hout)";"Stelhout";"Balkhout";"hout"
"Constructievloer hout";"vliering-maken";"Plafond Framewerk (Hout)";"Rachelwerk";"Balkhout";"hout"
"Constructievloer hout";"vliering-maken";"Plafond Framewerk (Metal Stud)";"Randprofielen";"Metalstud";"metaal"
"Constructievloer hout";"vliering-maken";"Plafond Framewerk (Metal Stud)";"Draagprofielen";"Metalstud";"metaal"
"Constructievloer hout";"vliering-maken";"Koof";"Regelwerk";"Balkhout";"Koof"
"Constructievloer hout";"vliering-maken";"Koof";"Beplating";"Plaatmateriaal";"Koof"
"Constructievloer hout";"vliering-maken";"Koof";"Isolatie";"Isolatie";"Koof"
"Constructievloer hout";"vliering-maken";"Koof";"Regelwerk";"Balkhout";"Koof"
"Constructievloer hout";"vliering-maken";"Koof";"Beplating";"Plaatmateriaal";"Koof"
"Constructievloer hout";"vliering-maken";"Koof";"Achterhout";"Balkhout";"Koof"
"Constructievloer hout";"vliering-maken";"Installatie & Elektra";"Elektra Buizen / Flex";"Elektra";"Installatie"
"Constructievloer hout";"vliering-maken";"Installatie & Elektra";"Centraaldozen";"Elektra";"Installatie"
"Constructievloer hout";"vliering-maken";"Installatie & Elektra";"Installatiekabel";"Elektra";"Installatie"
"Constructievloer hout";"vliering-maken";"Schakelmateriaal";"Inbouwspots";"Verlichting";"Schakelmateriaal"
"Constructievloer hout";"vliering-maken";"Schakelmateriaal";"Schakelaar / Dimmer";"Schakelmateriaal";"Schakelmateriaal"
"Constructievloer hout";"vliering-maken";"Isolatie & Folies";"Folies";"Folies";"isolatie"
"Constructievloer hout";"vliering-maken";"Isolatie & Folies";"Isolatiemateriaal";"Isolatie";"isolatie"
"Constructievloer hout";"vliering-maken";"Beplating (Plafond)";"Afwerkplaat";"Plaatmateriaal";"beplating_afwerking"
"Constructievloer hout";"vliering-maken";"Afwerken";"Plafondplinten";"Lijstwerk";"afwerking"
"Constructievloer hout";"vliering-maken";"Naden & Stucwerk";"Voegenmiddel";"Afwerking";"gips_afwerking"
"Constructievloer hout";"vliering-maken";"Naden & Stucwerk";"Finish Pasta";"Afwerking";"gips_afwerking"

"Dagkanten";"dagkanten";"Constructie Regelwerk";"Regelwerk";"Hout";"hout"
"Dagkanten";"dagkanten";"Afwerking";"Afwerk Hout";"Platen";"afwerking"
"Dagkanten";"dagkanten";"Afwerking";"Hoek- of Stopcontactprofielen";"Afwerking";"afwerking"
"Plinten en afwerklatten";"plinten-afwerklatten";"Afwerklatten";"Plafondplinten";"Hout";"afwerking"
"Plinten en afwerklatten";"plinten-afwerklatten";"Afwerklatten";"Koplatten";"Hout";"afwerking"
"Plinten en afwerklatten";"plinten-afwerklatten";"Afwerklatten";"Vloerplinten";"Hout";"afwerking"
"Omkastingen en koven";"omkastingen-koven";"Constructie Regelwerk";"Regelwerk";"Hout";"hout"
"Omkastingen en koven";"omkastingen-koven";"Beplating";"Afwerk Hout";"Platen";"afwerking"
"Vensterbanken";"vensterbanken";"Constructie Regelwerk";"Regelwerk";"Hout";"hout"
"Vensterbanken";"vensterbanken";"Vensterbank";"Vensterbank";"Hout";"afwerking"
"Vensterbanken";"vensterbanken";"Vensterbank";"Ventilatieroosters";"Afwerking";"afwerking"
"Vensterbanken";"vensterbanken";"Vensterbank";"Olie, Lak of Beits";"Verf";"afwerking"
"Binnendeuren";"binnendeur-afhangen";"Deurblad";"Binnendeuren";"deuren";"Deuren"
"Binnendeuren";"binnendeur-afhangen";"Deurbeslag & Sloten";"Scharnieren / Paumelles";"deurbeslag";"deurbeslag"
"Binnendeuren";"binnendeur-afhangen";"Deurbeslag & Sloten";"Sloten";"deurbeslag";"deurbeslag"
"Binnendeuren";"binnendeur-afhangen";"Deurbeslag & Sloten";"Deurbeslag (Schild & Kruk)";"deurbeslag";"deurbeslag"
"Binnendeuren";"binnendeur-afhangen";"Deurbeslag & Sloten";"Cilinder";"deurbeslag";"deurbeslag"
"Binnendeuren";"binnendeur-afhangen";"Glas & Beglazing";"Glas";"glas";"glas"
"Binnendeuren";"binnendeur-afhangen";"Glas & Beglazing";"Glaslatten";"glas";"glas"
"Binnendeuren";"binnendeur-afhangen";"Tochtwering";"Tochtvaldorp";"tochtstrips";"tochtstrips"
"Binnendeuren";"binnendeur-afhangen";"Tochtwering";"Tochtstrips";"tochtstrips";"tochtstrips"
"Binnendeuren";"binnendeur-afhangen";"Ventilatie";"Deurroosters";"ventilatie";"ventilatie"
"Buitendeuren";"buitendeur-afhangen";"Buitendeur";"Buitendeur";"deuren";"Deuren"
"Buitendeuren";"buitendeur-afhangen";"Beveiliging & Sloten";"Scharnieren";"deurbeslag";"deurbeslag"
"Buitendeuren";"buitendeur-afhangen";"Beveiliging & Sloten";"Sloten";"deurbeslag";"deurbeslag"
"Buitendeuren";"buitendeur-afhangen";"Beveiliging & Sloten";"Meerpuntsluiting";"deurbeslag";"deurbeslag"
"Buitendeuren";"buitendeur-afhangen";"Beveiliging & Sloten";"Deurbeslag (Schild & Kruk)";"deurbeslag";"deurbeslag"
"Buitendeuren";"buitendeur-afhangen";"Beveiliging & Sloten";"Cilinder";"deurbeslag";"deurbeslag"
"Buitendeuren";"buitendeur-afhangen";"Glas & Beglazing";"Glas";"glas";"glas"
"Buitendeuren";"buitendeur-afhangen";"Glas & Beglazing";"Glaslatten";"glas";"glas"
"Buitendeuren";"buitendeur-afhangen";"Tochtwering";"Tochtvaldorp";"tochtstrips";"tochtstrips"
"Buitendeuren";"buitendeur-afhangen";"Tochtwering";"Tochtstrips";"tochtstrips";"tochtstrips"
"Buitendeuren";"buitendeur-afhangen";"Ventilatie";"Deurroosters";"ventilatie";"ventilatie"
"Schuifdeuren";"Schuifdeuren";"Deuren";"Buitendeur";"deuren";"Deuren"
"Schuifdeuren";"Schuifdeuren";"deurbeslag";"Scharnieren";"deurbeslag";"deurbeslag"
"Schuifdeuren";"Schuifdeuren";"deurbeslag";"Sloten";"deurbeslag";"deurbeslag"
"Schuifdeuren";"Schuifdeuren";"deurbeslag";"Meerpuntsluiting";"deurbeslag";"deurbeslag"
"Schuifdeuren";"Schuifdeuren";"deurbeslag";"Deurbeslag (Schild & Kruk)";"deurbeslag";"deurbeslag"
"Schuifdeuren";"Schuifdeuren";"deurbeslag";"Cilinder";"deurbeslag";"deurbeslag"
"Schuifdeuren";"Schuifdeuren";"glas";"Glas";"glas";"glas"
"Schuifdeuren";"Schuifdeuren";"glas";"Glaslatten";"glas";"glas"
"Schuifdeuren";"Schuifdeuren";"tochtstrips";"Tochtvaldorp";"tochtstrips";"tochtstrips"
"Schuifdeuren";"Schuifdeuren";"tochtstrips";"Tochtstrips";"tochtstrips";"tochtstrips"
"Schuifdeuren";"Schuifdeuren";"ventilatie";"Deurroosters";"ventilatie";"ventilatie"
"Hellend Dak Vervangen";"hellend-dak";"Dakbeschot";"Constructieplaat";"Plaatmateriaal";"beplating"
"Hellend Dak Vervangen";"hellend-dak";"Isolatie & Folies";"Dakisolatie";"Isolatie";"isolatie"
"Hellend Dak Vervangen";"hellend-dak";"Isolatie & Folies";"Folie";"Folies";"isolatie"
"Hellend Dak Vervangen";"hellend-dak";"Tengels & Panlatten";"Tengels";"Balkhout";"hout"
"Hellend Dak Vervangen";"hellend-dak";"Tengels & Panlatten";"Panlatten";"Balkhout";"hout"
"Hellend Dak Vervangen";"hellend-dak";"Tengels & Panlatten";"Ruiter (Nokbalk)";"Balkhout";"hout"
"Hellend Dak Vervangen";"hellend-dak";"Dakpannen";"Dakvoetprofiel / Vogelschroot";"Dakprofielen";"dak"
"Hellend Dak Vervangen";"hellend-dak";"Dakpannen";"Dakpannen";"Dakpannen";"dak"
"Hellend Dak Vervangen";"hellend-dak";"Dakpannen";"Gevelpannen / Kantpannen";"Dakpannen";"dak"
"Hellend Dak Vervangen";"hellend-dak";"Dakpannen";"Ondervorst";"Dakprofielen";"dak"
"Hellend Dak Vervangen";"hellend-dak";"Dakpannen";"Nokvorsten";"Dakpannen";"dak"
"Hellend Dak Vervangen";"hellend-dak";"5. Afwerking";"Lood";"Lood";"afwerking_dak"
"Hellend Dak Vervangen";"hellend-dak";"5. Afwerking";"Dakgoot";"HWA";"afwerking_dak"
"EPDM Dakbedekking";"epdm-dakbedekking";"Beplating";"Constructieplaat";"Plaatmateriaal";"beplating"
"EPDM Dakbedekking";"epdm-dakbedekking";"Isolatie & Folies";"Dampremmende Folie";"Folies";"isolatie"
"EPDM Dakbedekking";"epdm-dakbedekking";"Isolatie & Folies";"Dakisolatie";"Isolatie";"isolatie"
"EPDM Dakbedekking";"epdm-dakbedekking";"EPDM";"EPDM";"Dakbedekking";"dak"
"EPDM Dakbedekking";"epdm-dakbedekking";"Afwerking";"Daktrim";"Daktrim";"afwerking_dak"
"EPDM Dakbedekking";"epdm-dakbedekking";"Afwerking";"Daktrim Hoeken";"Daktrim";"afwerking_dak"
"EPDM Dakbedekking";"epdm-dakbedekking";"Afwerking";"HWA Stadsuitloop / Onderuitloop";"HWA";"afwerking_dak"
"EPDM Dakbedekking";"epdm-dakbedekking";"Afwerking";"Lood";"Lood";"afwerking_dak"
"Gevelbekleding Vervangen";"gevelbekleding-compleet";"Basis (Regelwerk)";"Tengelwerk / Rachels";"Balkhout";"hout"
"Gevelbekleding Vervangen";"gevelbekleding-compleet";"Isolatie & Folie";"Folie";"Folies";"isolatie"
"Gevelbekleding Vervangen";"gevelbekleding-compleet";"Isolatie & Folie";"Isolatiemateriaal";"Isolatie";"isolatie"
"Gevelbekleding Vervangen";"gevelbekleding-compleet";"Basis (Regelwerk)";"Ventilatieprofiel (Ongedierte)";"Profielen";"hout"
"Gevelbekleding Vervangen";"gevelbekleding-compleet";"Hout";"Houten Bekleding (Rabat/Zweeds)";"Tuinhout";"gevel_hout"
"Gevelbekleding Vervangen";"gevelbekleding-compleet";"Hout";"Houten Hoeklatten";"Lijstwerk";"gevel_hout"
"Gevelbekleding Vervangen";"gevelbekleding-compleet";"Keralit";"Kunststof Panelen (Keralit)";"Gevelbekleding";"gevel_kunststof"
"Gevelbekleding Vervangen";"gevelbekleding-compleet";"Keralit";"Keralit Profielen (Start/Eind/Hoek)";"Profielen";"gevel_kunststof"
"Gevelbekleding Vervangen";"gevelbekleding-compleet";"Trespa/HPL (Geschroefd)";"Volkern/HPL Plaat (Trespa)";"Plaatmateriaal";"gevel_plaat"
"Gevelbekleding Vervangen";"gevelbekleding-compleet";"Trespa/HPL (Verlijmd)";"Volkern/HPL Plaat (Trespa)";"Plaatmateriaal";"gevel_plaat_lijm"
"Gevelbekleding Vervangen";"gevelbekleding-compleet";"Afwerking";"Waterslagen (Aluminium)";"Dakprofielen";"bevestiging"
"Binnendeur Kozijnen – Hout";"binnen-kozijn-hout";"Kozijnhout";"Kozijnhout";"hout";"hout"
"Binnendeur Kozijnen – Hout";"binnen-kozijn-hout";"Kozijnhout";"Binnendorpel";"dorpels";"hout"
"Binnendeur Kozijnen – Hout";"binnen-kozijn-hout";"Hang- & Sluitwerk";"Scharnieren";"deurbeslag";"beslag"
"Binnendeur Kozijnen – Hout";"binnen-kozijn-hout";"Hang- & Sluitwerk";"Sluitplaat";"deurbeslag";"beslag"
"Binnendeur Kozijnen – Hout";"binnen-kozijn-hout";"Glas & Beglazing";"Glas";"glas";"glas"
"Binnendeur Kozijnen – Hout";"binnen-kozijn-hout";"Glas & Beglazing";"Glaslatten";"glas";"glas"
"Binnendeur Kozijnen – Hout";"binnen-kozijn-hout";"Afwerking";"Koplatten";"lijstwerk";"afwerking"
"Binnendeur Kozijnen – Hout";"binnen-kozijn-hout";"Afwerking";"Neuten";"lijstwerk";"afwerking"
"Binnen Kozijnen – Staal";"binnen-kozijn-staal";"Stalen Kozijn";"Stalen Kozijn";"kozijnen";"Stalen kozijn"
"Binnen Kozijnen – Staal";"binnen-kozijn-staal";"Hang- & Sluitwerk";"Paumelles";"deurbeslag";"beslag"
"Binnen Kozijnen – Staal";"binnen-kozijn-staal";"Hang- & Sluitwerk";"Aanslagrubber";"tochtstrips";"beslag"
"Binnen Kozijnen – Staal";"binnen-kozijn-staal";"Glas & Beglazing";"Glas";"glas";"glas"
"Binnen Kozijnen – Staal";"binnen-kozijn-staal";"Glas & Beglazing";"Glaslatten";"glas";"glas"
"Buiten kozijnen – Hout";"buiten-kozijn-hout";"Kozijnelement";"Kozijnelement";"kozijnen";"element"
"Buiten kozijnen – Hout";"buiten-kozijn-hout";"Kozijnelement";"Stelkozijnen";"hout";"element"
"Buiten kozijnen – Hout";"buiten-kozijn-hout";"Afwerking Buiten";"Raamdorpelstenen";"dorpels";"afwerking_buiten"
"Buiten kozijnen – Hout";"buiten-kozijn-hout";"Afwerking Buiten";"Lood / DPC";"afwerking";"afwerking_buiten"
"Buiten kozijnen – Hout";"buiten-kozijn-hout";"Afwerking Binnen";"Dagkantbetimmering";"plaatmateriaal";"afwerking_binnen"
"Buiten kozijnen – Hout";"buiten-kozijn-hout";"Afwerking Binnen";"Vensterbank";"dorpels";"afwerking_binnen"
"Buiten kozijnen – Hout";"buiten-kozijn-hout";"Afwerking Binnen";"Koplatten";"lijstwerk";"afwerking_binnen"
"Buiten Kozijnen – Kunststof";"buiten-kozijn-kunststof";"Kozijnelement";"Kozijnelement";"kozijnen";"element"
"Buiten Kozijnen – Kunststof";"buiten-kozijn-kunststof";"Kozijnelement";"Onderdorpel";"dorpels";"element"
"Buiten Kozijnen – Kunststof";"buiten-kozijn-kunststof";"Montage";"Stelkozijn";"balkhout";"montage"
"Buiten Kozijnen – Kunststof";"buiten-kozijn-kunststof";"Afwerking";"Dagkantafwerking";"profielen";"afwerking"
"Buiten Kozijnen – Kunststof";"buiten-kozijn-kunststof";"Afwerking";"Waterslag";"daktrim";"afwerking"
"Buiten Kozijnen – Kunststof";"buiten-kozijn-kunststof";"Afwerking";"Inzethorren";"accessoires";"afwerking"
"Zelf gemaakte houtkozijnen";"zelfgemaakte-kozijnen";"Kozijnhout";"Kozijnhout";"hout";"hout"
"Zelf gemaakte houtkozijnen";"zelfgemaakte-kozijnen";"Kozijnhout";"Onderdorpel";"dorpels";"hout"
"Zelf gemaakte houtkozijnen";"zelfgemaakte-kozijnen";"Ramen";"Raamhout";"hout";"raam"
"Zelf gemaakte houtkozijnen";"zelfgemaakte-kozijnen";"Hang- & Sluitwerk";"Scharnieren";"deurbeslag";"beslag"
"Zelf gemaakte houtkozijnen";"zelfgemaakte-kozijnen";"Hang- & Sluitwerk";"Raamboom";"raambeslag";"beslag"
"Zelf gemaakte houtkozijnen";"zelfgemaakte-kozijnen";"Hang- & Sluitwerk";"Raamuitzetter";"raambeslag";"beslag"
"Zelf gemaakte houtkozijnen";"zelfgemaakte-kozijnen";"Hang- & Sluitwerk";"Meerpuntsluiting";"deurbeslag";"beslag"
"Zelf gemaakte houtkozijnen";"zelfgemaakte-kozijnen";"Glas & Beglazing";"Glas";"glas";"glas"
"Zelf gemaakte houtkozijnen";"zelfgemaakte-kozijnen";"Glas & Beglazing";"Neuslatten";"glas";"glas"
"Zelf gemaakte houtkozijnen";"zelfgemaakte-kozijnen";"Glas & Beglazing";"Ventilatierooster";"ventilatie";"glas"
"Zelf gemaakte houtkozijnen";"zelfgemaakte-kozijnen";"Afwerking";"Tochtkader";"tochtstrips";"afwerking"
"Zelf gemaakte houtkozijnen";"zelfgemaakte-kozijnen";"Afwerking";"Lood / DPC";"afwerking";"afwerking"
"Schutting plaatsen";"schutting-compleet";"Basis & Fundering";"Snelbeton";"Bouwstoffen";"fundering"
"Schutting plaatsen";"schutting-compleet";"Basis & Fundering";"Opsluitbanden";"Bestrating";"fundering"
"Schutting plaatsen";"schutting-compleet";"Basis & Fundering";"Paalpunthouder";"Ijzerwaren";"fundering"
"Schutting plaatsen";"schutting-compleet";"Optie: Hout";"Schuttingpalen hout";"Tuinhout";"schutting_hout"
"Schutting plaatsen";"schutting-compleet";"Optie: Hout";"Paalkappen";"Ijzerwaren";"schutting_hout"
"Schutting plaatsen";"schutting-compleet";"Optie: Hout";"Tuinscherm hout";"Tuinhout";"schutting_hout"
"Schutting plaatsen";"schutting-compleet";"Optie: Hout";"Afdeklat hout";"Tuinhout";"schutting_hout"
"Schutting plaatsen";"schutting-compleet";"Optie: Hout";"Losse tuinplanken";"Tuinhout";"schutting_hout"
"Schutting plaatsen";"schutting-compleet";"Optie: Beton";"Betonpalen";"Bestrating";"schutting_beton"
"Schutting plaatsen";"schutting-compleet";"Optie: Beton";"Onderplaten";"Bestrating";"schutting_beton"
"Schutting plaatsen";"schutting-compleet";"Optie: Beton";"Afdekkappen beton";"Bestrating";"schutting_beton"
"Schutting plaatsen";"schutting-compleet";"Optie: Beton";"Unibeslag";"Ijzerwaren";"schutting_beton"
"Schutting plaatsen";"schutting-compleet";"Optie: Composiet";"Aluminium palen";"Tuinhout";"schutting_composiet"
"Schutting plaatsen";"schutting-compleet";"Optie: Composiet";"Paalvoeten";"Ijzerwaren";"schutting_composiet"
"Schutting plaatsen";"schutting-compleet";"Optie: Composiet";"Tuinscherm composiet";"Tuinhout";"schutting_composiet"
"Schutting plaatsen";"schutting-compleet";"Optie: Composiet";"U profielen";"Profielen";"schutting_composiet"
"Schutting plaatsen";"schutting-compleet";"Poort & Toegang";"Tuinpoort";"Tuinhout";"poort"
"Schutting plaatsen";"schutting-compleet";"Poort & Toegang";"Stalen frame";"Ijzerwaren";"poort"
"Schutting plaatsen";"schutting-compleet";"Poort & Toegang";"Kozijnbalken";"Tuinhout";"poort"
"Schutting plaatsen";"schutting-compleet";"Tuindeur Beslag";"Hengselset";"Ijzerwaren";"beslag"
"Schutting plaatsen";"schutting-compleet";"Tuindeur Beslag";"Hengen";"Ijzerwaren";"beslag"
"Schutting plaatsen";"schutting-compleet";"Tuindeur Beslag";"Plaatduimen";"Ijzerwaren";"beslag"
"Schutting plaatsen";"schutting-compleet";"Tuindeur Beslag";"Poortbeslag";"Ijzerwaren";"beslag"
"Schutting plaatsen";"schutting-compleet";"Tuindeur Beslag";"Cilinderslot";"Ijzerwaren";"beslag"
"Schutting plaatsen";"schutting-compleet";"Tuindeur Beslag";"Grondgrendel";"Ijzerwaren";"beslag"
"Schutting plaatsen";"schutting-compleet";"Tuindeur Beslag";"Vloerstop";"Ijzerwaren";"beslag"
"Pergola";"pergola";"Vlonder_Fundering";"Worteldoek";"Folies";"Vlonder_Fundering"
"Pergola";"pergola";"Vlonder_Fundering";"Ophoogzand / Stabilisatie";"Zand";"Vlonder_Fundering"
"Pergola";"pergola";"Vlonder_Fundering";"Piketten / Palen";"Tuinhout";"Vlonder_Fundering"
"Pergola";"pergola";"Vlonder_Fundering";"Tegels / Stelpoten";"Tegels";"Vlonder_Fundering"
"Pergola";"pergola";"Vlonder_Constructie";"Moerbalken";"Tuinhout";"Vlonder_Constructie"
"Pergola";"pergola";"Vlonder_Constructie";"Onderregels";"Tuinhout";"Vlonder_Constructie"
"Pergola";"pergola";"Vlonder_Dek";"Vlonderplanken";"Tuinhout";"Vlonder_Dek"
"Pergola";"pergola";"Vlonder_Dek";"Vlonderschroeven / Clips";"Bevestiging";"Vlonder_Dek"
"Pergola";"pergola";"Vlonder_Dek";"Kantplanken";"Tuinhout";"Vlonder_Dek"
"Pergola";"pergola";"Vlonder_Dek";"Drainagegoot";"Riolering";"Vlonder_Dek"
"Glas zetten";"isolatieglas";"Glas & Afwerking";"Glas";"Glas";"glas"
"Glas zetten";"isolatieglas";"Glas & Afwerking";"Ventilatie roosters";"Deuren & Kozijnen";"glas"
"Glas zetten";"isolatieglas";"Glas & Afwerking";"Glaslatten";"Hout";"glas"
"Keukenmontage";"keuken-montage";"Keukenelementen & Kasten";"Keukenkast";"Hout";"basis"
"Keukenmontage";"keuken-montage";"Werkblad & Apparatuur";"Aanrechtblad";"Platen";"werkblad"
"Keukenmontage";"keuken-montage";"Werkblad & Apparatuur";"Inbouwapparaat";"Afwerking";"werkblad"
"Keukenmontage";"keuken-montage";"Luxe Beslag & Accessoires";"Spoelbak";"Afwerking";"beslag"
"Keukenmontage";"keuken-montage";"Luxe Beslag & Accessoires";"Keukenkraan";"Beslag";"beslag"
"Keukenmontage";"keuken-montage";"Luxe Beslag & Accessoires";"Handgreep";"Beslag";"beslag"
"Keukenmontage";"keuken-montage";"Luxe Beslag & Accessoires";"Keukenplint";"Hout";"beslag"
"Keukenmontage";"keuken-montage";"Luxe Beslag & Accessoires";"Keukenverlichting";"Afwerking";"beslag"
"Keukenrenovatie";"keuken-renovatie";"Fronten & Zichtwerk";"Keukenfront";"Platen";"basis"
"Keukenrenovatie";"keuken-renovatie";"Werkblad & Apparatuur";"Aanrechtblad";"Platen";"werkblad"
"Keukenrenovatie";"keuken-renovatie";"Luxe Beslag & Hardware";"Scharnier";"Beslag";"beslag"
"Keukenrenovatie";"keuken-renovatie";"Luxe Beslag & Hardware";"Ladegeleider";"Beslag";"beslag"
"Keukenrenovatie";"keuken-renovatie";"Luxe Beslag & Hardware";"Handgreep";"Beslag";"beslag"
"Keukenrenovatie";"keuken-renovatie";"Werkblad & Apparatuur";"Inbouwapparaat";"Afwerking";"werkblad"
"Keukenrenovatie";"keuken-renovatie";"Luxe Beslag & Hardware";"Keukenkraan";"Beslag";"beslag"
"Velux Dakraam";"velux-dakraam";"Dakraam Set";"Velux dakraam set";"Dakraam";"vensterset"
"Velux Dakraam";"velux-dakraam";"Dakraam";"Velux Venster";"Dakraam";"venster"
"Velux Dakraam";"velux-dakraam";"Gootstukken";"Gootstukken";"Dakraam";"gootstuk"
"Velux Dakraam";"velux-dakraam";"Aftimmering";"Interieur afwerking";"Hout";"afwerking"
"Lichtkoepel";"lichtkoepel";"Koepel";"Lichtkoepel";"Dakraam";"koepel"
"Lichtkoepel";"lichtkoepel";"Opstand";"Opstand Houtbalk of Prefab Set";"Dakraam";"opstand"
"Lichtkoepel";"lichtkoepel";"Dakafwerking";"Dakbedekking";"Dakbedekking";"afwerking"